h,model,MAE,R2,n
1,naive,1749.9173170731708,0.9415955280411499,4100
1,seasonal_naive_trend,942.1310857616587,0.9850296946377541,4100
1,prophet,1529.8035408014566,0.9555832569621202,4108
1,chronos,2057.7644832206215,0.930667442422153,4108
1,lgbm_pooled,1235.574628804974,0.9659051817149256,4100
1,snt+lgbm,907.0743530494797,0.9849354556143233,4100
1,snt+lgbm+chronos,1166.9017570095114,0.9747288863346749,4100
1,prophet+chronos,1594.0731851217115,0.9504046724237697,4108
3,naive,2482.089520958084,0.8855180989145824,3340
3,seasonal_naive_trend,1384.5253782570835,0.9696408294900615,3340
3,prophet,1768.966955845503,0.9464817542387683,3357
3,chronos,2799.0219905468052,0.878215726865254,3357
3,lgbm_pooled,1736.3471240864171,0.9406195625326065,3340
3,snt+lgbm,1355.3919316115662,0.9704460848235718,3340
3,snt+lgbm+chronos,1653.2759947801503,0.9543545136808999,3340
3,prophet+chronos,2061.653675087127,0.9275792040332763,3357
6,naive,3395.6154541346586,0.8255511062007846,2213
6,seasonal_naive_trend,1750.1457672181025,0.9558052105157729,2213
6,prophet,2144.857635904557,0.9293083908279971,2232
6,chronos,4444.00047296777,0.7472233742134589,2232
6,lgbm_pooled,2267.4891551569017,0.9235387101703614,2213
6,snt+lgbm,1620.1390410814113,0.9619704134984605,2213
6,snt+lgbm+chronos,2110.032942397711,0.9314134646118188,2213
6,prophet+chronos,2772.7563427968275,0.8806140149508723,2232
12,naive,4445.154471544715,0.8231295155711347,369
12,seasonal_naive_trend,4445.154471544715,0.8231295155711347,369
12,prophet,2996.6123787234214,0.8894303655737247,373
12,chronos,9841.860212801608,0.21257566904195646,373
12,prophet+chronos,6008.091815871254,0.7093960978240677,373
