h,origin,naive,seasonal_naive,seasonal_naive_trend,prophet,lgbm_by_h,lgbm_by_h_noreg,lgbm_pooled,ensemble
1,2024-01-01,2420.0,2996.0,1112.0,1346.0,2574.0,1947.0,659.0,909.0
1,2024-02-01,2779.0,3542.0,726.0,1865.0,1973.0,1969.0,1106.0,1467.0
1,2024-03-01,798.0,4598.0,1569.0,872.0,2210.0,1907.0,631.0,622.0
1,2024-04-01,763.0,4154.0,944.0,919.0,978.0,801.0,874.0,714.0
1,2024-05-01,849.0,4471.0,781.0,951.0,969.0,1146.0,726.0,728.0
1,2024-06-01,926.0,4166.0,870.0,1062.0,1156.0,641.0,814.0,895.0
1,2024-07-01,685.0,4208.0,761.0,1003.0,885.0,849.0,1437.0,1111.0
1,2024-08-01,2291.0,3589.0,879.0,2176.0,2871.0,2057.0,1120.0,1622.0
1,2024-09-01,1503.0,4179.0,852.0,938.0,872.0,1056.0,950.0,574.0
1,2024-10-01,689.0,3602.0,920.0,1141.0,623.0,730.0,643.0,844.0
1,2024-11-01,5492.0,4415.0,990.0,4519.0,3742.0,3288.0,4609.0,4588.0
3,2024-01-01,4565.0,4608.0,2623.0,1341.0,1726.0,1561.0,1132.0,1072.0
3,2024-02-01,2557.0,4161.0,1537.0,1433.0,2935.0,2482.0,2078.0,1642.0
3,2024-03-01,861.0,4473.0,1554.0,1288.0,977.0,909.0,868.0,978.0
3,2024-04-01,1788.0,4187.0,1201.0,1373.0,1002.0,1045.0,1024.0,1039.0
3,2024-05-01,1820.0,4244.0,966.0,1358.0,1125.0,1130.0,1222.0,1211.0
3,2024-06-01,1391.0,3600.0,1317.0,1952.0,2116.0,2064.0,1983.0,1943.0
3,2024-07-01,1004.0,4207.0,971.0,1243.0,852.0,888.0,1042.0,1101.0
3,2024-08-01,1307.0,3628.0,1117.0,1646.0,1007.0,1012.0,1195.0,1340.0
3,2024-09-01,6968.0,4433.0,1216.0,4256.0,1494.0,1681.0,5069.0,4686.0
6,2024-01-01,6217.0,4194.0,2256.0,2025.0,5958.0,6032.0,2618.0,2092.0
6,2024-02-01,4189.0,4245.0,1890.0,2105.0,4546.0,4124.0,2408.0,2153.0
6,2024-03-01,1237.0,3613.0,1737.0,1839.0,2071.0,2297.0,1475.0,1574.0
6,2024-04-01,1474.0,4229.0,1420.0,1268.0,1060.0,1429.0,1766.0,1361.0
6,2024-05-01,1386.0,3659.0,1405.0,1440.0,1238.0,1365.0,1159.0,1220.0
6,2024-06-01,5829.0,4452.0,1799.0,4173.0,6336.0,6204.0,4185.0,4184.0
