h,модель,MAPE_%,MAE_млрд,n
1,naive,4.060812895502677,108.9550303030303,165
1,seasonal_naive,14.837480961959967,335.0619393939394,165
1,seasonal_naive_trend,1.7492792182660735,36.18024015790823,165
1,prophet,4.883847840914403,88.75931556702724,165
1,chronos,2.8702733960898588,72.0065762643525,165
1,ens_chronos_prophet,3.11055879216473,66.63172090850013,165
1,ens_chronos_snt,1.9585649147921613,45.43906198753939,165
3,naive,6.138547397451904,162.7979393939394,165
3,seasonal_naive,15.122081062232127,349.3907272727273,165
3,seasonal_naive_trend,2.9144421179314968,59.07441707220927,165
3,prophet,4.907988310133395,92.99868831346389,165
3,chronos,4.012641944310656,98.21373183371804,165
3,ens_chronos_prophet,3.9145512043105324,85.1523094108722,165
3,ens_chronos_snt,2.9587555187436387,66.23995371638175,165
6,naive,9.483277435567924,244.37721212121215,165
6,seasonal_naive,14.832041779941715,351.48187878787877,165
6,seasonal_naive_trend,4.338526029186564,85.66501219666662,165
6,prophet,5.64238399343398,109.8873970914543,165
6,chronos,6.130167823979732,150.84892072457978,165
6,ens_chronos_prophet,5.440899793136299,120.68603472021502,165
6,ens_chronos_snt,4.313649800583385,96.96139615064561,165
12,naive,14.064516702579743,348.9788484848485,165
12,seasonal_naive,14.064516702579743,348.9788484848485,165
12,seasonal_naive_trend,6.40507089022145,117.07061094123425,165
12,prophet,7.271478044258687,145.2586378490826,165
12,chronos,8.781722170795076,198.60281449381506,165
12,ens_chronos_prophet,7.776089102221281,167.11017789702143,165
12,ens_chronos_snt,6.061463615785792,110.96367632416774,165
