представление,метод,найдено_рядов_covid_2020,найдено_рядов_shock_2022,задержка_мес_covid_2020,задержка_мес_shock_2022,тревог_вне_окон_2019_2026
остатки прогноза,BOCPD,0,0,,,0
остатки прогноза,BinSeg,0,0,,,0
остатки прогноза,CUSUM,0,0,,,2
остатки прогноза,CUSUM-остатки прогноза,0,0,,,0
остатки прогноза,EWMA-остатки,0,3,,0.6666666666666666,5
остатки прогноза,PELT,0,0,,,0
уровень (с.к.),BOCPD,4,3,-0.25,1.3333333333333333,4
уровень (с.к.),BinSeg,4,4,0.0,1.5,49
уровень (с.к.),CUSUM,5,4,0.0,1.0,97
уровень (с.к.),CUSUM-остатки прогноза,5,5,-0.6,0.4,61
уровень (с.к.),EWMA-остатки,5,2,-0.4,0.5,5
уровень (с.к.),PELT,5,3,0.2,1.6666666666666667,42
