mo_id,MAPE,n,mo_name_sber,region,size_class,population
8264400000,29.020777305130192,4.0,Сергокалинский муниципальный район,Республика Дагестан,10-50k,26598.0
8263900000,21.68254461192433,4.0,Новолакский муниципальный район,Республика Дагестан,10-50k,33831.0
7771000000,17.309214956107542,7.0,городской округ Провиденский,Чукотский автономный округ,,
9670200000,16.42302724898275,12.0,городской округ город Аргун,Чеченская Республика,50-250k,60900.0
9865900000,15.874214614691326,5.0,Эвено-Бытантайский национальный муниципальный район,Республика Саха (Якутия),,
9663400000,14.02122027343948,4.0,Урус-Мартановский муниципальный район,Чеченская Республика,50-250k,168791.0
9365600000,13.077937118185643,4.0,Чаа-Хольский муниципальный район,Республика Тыва,,
8964600000,11.609146538591512,20.0,Старошайговский муниципальный район,Республика Мордовия,10-50k,11515.0
4451900000,11.460719934907871,16.0,муниципальный округ Хасынский,Магаданская область,,
8961300000,11.448922518363053,20.0,Большеигнатовский муниципальный район,Республика Мордовия,<10k,6713.0
9360500000,10.582526783718091,20.0,Бай-Тайгинский муниципальный район,Республика Тыва,,
9755000000,10.23201934752552,12.0,Шумерлинский муниципальный округ,Чувашская Республика,<10k,7629.0
6470800000,10.194432136429214,20.0,городской округ Анивский,Сахалинская область,,
3470600000,10.123948436140582,20.0,городской округ город Волгореченск,Костромская область,10-50k,14079.0
4594500000,9.385399266876101,20.0,внутригородская территория города федерального значения поселение Киевский,Москва,10-50k,12072.0
