,0
log_nat_ratio,0.2278
region_key,0.1009
y_all_vs_mo_mean,0.0785
t_month,0.0771
t_month_cos,0.0551
t_month_sin,0.0463
h,0.0234
nat_obs_median_l1,0.0219
y_all_pct1,0.0199
population,0.0158
mo_group,0.0142
t_workdays,0.0138
nat_idx_current_l1,0.0123
region_pct1_median,0.0117
nat_ipn_l1,0.0093
sber_w_age_15_24_лет_l0,0.0092
sber_nat_spend_всего_l1,0.0091
group_pct1_median,0.009
lon,0.008
y_all_diff1,0.0079
sber_w_age_65_лет_l0,0.0078
log_population,0.0078
region_pct1_median_lag1,0.0071
lat,0.007
group_pct1_median_lag1,0.0067
