h,origin,покрытие,ширина_%
1,2024-02-01,0.22974358974358974,7.78364035447936
1,2024-03-01,0.7870275791624106,9.736205570485746
1,2024-04-01,0.3818274629913221,9.860730806876383
1,2024-05-01,0.9202046035805627,11.01842238979115
1,2024-06-01,0.7959079283887468,10.301422468732857
1,2024-07-01,0.8561224489795919,10.204774233894865
1,2024-08-01,0.7455470737913485,9.928224468527347
1,2024-09-01,0.8239185750636132,9.89919335647591
1,2024-10-01,0.8454499237417387,9.883362061660073
1,2024-11-01,0.8937468225724453,9.72525860655663
3,2024-04-01,0.043099025141098,13.328660483742972
3,2024-05-01,0.6185831622176592,16.814522781369135
3,2024-06-01,0.2641798671435871,15.388912701274693
3,2024-07-01,0.8912155260469867,15.807021811092625
3,2024-08-01,0.8887755102040816,15.117026120215515
3,2024-09-01,0.918918918918919,15.228734783042064
