h,класс,модель,n,MAE,MAPE_%,WAPE_%,relative_MAE,R2_уровни,R2_изменения,R2_внутри_МО
1,10-50k,prophet,10804,1342.6198338899933,5.018404636181793,5.062151803157396,0.873642441752009,0.9498722742935923,0.07847346711056624,0.1868458492977514
1,10-50k,snt,10836,929.0590408466418,3.773842042719882,3.5049131744866213,0.6047810397275463,0.9789918431067925,0.6143957949631675,0.6591366319126302
1,10-50k,lgbm_resid,10836,776.8067933216597,3.1012180862470466,2.9305353526969373,0.5056707910665963,0.98536957360985,0.731458882080809,0.7626171376550741
1,10-50k,ens_snt_lgbm,10836,767.6524388239839,3.107308738081464,2.8960001764894208,0.4997116649102072,0.9859885523670135,0.7428202220024411,0.7726602454352476
1,250k-1M,prophet,563,1534.9566222837386,3.7895239792593025,3.912290905809615,0.7864945765472866,0.9119464402693876,0.131507391708382,0.3888380928084395
1,250k-1M,snt,583,677.8221681495082,1.8178625291444157,1.734736515267918,0.3518417199079403,0.9886979330547929,0.882959356874117,0.9183234375913317
1,250k-1M,lgbm_resid,583,751.364717077207,1.9994518576365767,1.9229524678370828,0.39001594630094316,0.9846891724354097,0.8414458953714584,0.889353357295593
1,250k-1M,ens_snt_lgbm,583,624.9379754065013,1.6696947408607425,1.5993910743210449,0.32439076565331576,0.9890084537116537,0.8861750109274028,0.9205674748928476
1,50-250k,prophet,4734,1596.3109148887268,3.820374531993543,3.8826775647898777,0.7939689233790092,0.9612131374887275,0.14710661146990378,0.4075410257983306
1,50-250k,snt,4781,735.2151232628471,1.9611058335234015,1.7953234820119175,0.36733872285475155,0.9942296634888242,0.871075219449133,0.9102117999713087
1,50-250k,lgbm_resid,4781,807.0956918881944,2.1133228861453714,1.9708488060568623,0.4032527233172645,0.9924569439968944,0.831467915605996,0.8826277427802117
1,50-250k,ens_snt_lgbm,4781,687.4420794408128,1.818339575319353,1.6786663776255877,0.34346966963589354,0.9946200657911108,0.8797978530514148,0.9162865791356576
1,<10k,prophet,2396,1382.327027582672,5.67979533844964,5.78386640248546,0.8604317305085949,0.9005540001049056,0.13290673308745193,0.03646104502006975
1,<10k,snt,2403,1233.08052074186,5.284341759685886,5.156562016917294,0.7669050282197462,0.9259732289596401,0.3544363133354961,0.283079230722765
1,<10k,lgbm_resid,2403,932.3205728627922,3.999198775748293,3.898827994397691,0.5798496717886861,0.9582407071393279,0.635830623532933,0.5955773304521961
1,<10k,ens_snt_lgbm,2403,990.2714739064188,4.254562498889733,4.141170169252511,0.6158917928445632,0.9536485112570056,0.5957835586398661,0.5511036818199837
1,>1M,prophet,121,1404.6660971466117,3.5557130910756443,3.628193213667817,0.7508994899656282,0.6748341416852928,0.18794794565233075,0.41817981718557495
1,>1M,snt,121,677.2981855578266,1.7887175866097567,1.7494326128196895,0.36206673110651305,0.9494970381086033,0.8738765682009001,0.9096349085583154
1,>1M,lgbm_resid,121,709.7069969443913,1.8871317159618202,1.8331432040944653,0.379391674016432,0.9389169888952982,0.8474545116440008,0.890703996809539
1,>1M,ens_snt_lgbm,121,586.5466568782648,1.563371489502748,1.5150252464327443,0.31355322548584497,0.9544284019238665,0.8861918959467932,0.9184586116721398
3,10-50k,prophet,8817,1585.0153668845917,5.903181193808322,5.893961188774399,0.7390514710990732,0.9390988026584552,0.3666166769978896,-0.1197926418921853
3,10-50k,snt,8842,1381.9838868118945,5.509631951495358,5.141554809173916,0.6450089408743253,0.9545420723703905,0.5273268862303782,0.1645605493947
3,10-50k,lgbm_resid,8842,1349.728741400626,5.111349193990848,5.021552253722642,0.6299545995191127,0.9604418839009025,0.5886733318823485,0.27298905814429963
3,10-50k,ens_snt_lgbm,8842,1145.9979976472084,4.443774644150099,4.263589157829802,0.5348679979270519,0.9691747616097728,0.6794780982688463,0.4334845082393374
3,250k-1M,prophet,457,1652.8376905830057,3.9518889396326187,4.150994649744285,0.6249792731199729,0.9053348884292103,0.4526153432127583,0.28034433872805387
3,250k-1M,snt,477,994.8872460291282,2.577237671142882,2.5094878468457726,0.37948655284009974,0.9752081243077378,0.847658912591804,0.800086557255804
3,250k-1M,lgbm_resid,477,1800.120116436821,4.517489235358062,4.540594497608566,0.6866319579542866,0.9322001670666081,0.583383669578875,0.4532846894103254
3,250k-1M,ens_snt_lgbm,477,1306.7911969728614,3.3038677389333095,3.296229437312962,0.49845818066351993,0.9621767368595318,0.7675836589506748,0.695005781567763
3,50-250k,prophet,3864,1705.466190979609,4.0042874636313295,4.0846084877709545,0.6067547955787589,0.9595006354117303,0.48881789306906354,0.2811355675326588
3,50-250k,snt,3904,1114.2112131753415,2.891824763536183,2.6792373711843713,0.3980340582147228,0.9868561022004109,0.8318718987461804,0.7625867001289399
3,50-250k,lgbm_resid,3904,1921.5878991443967,4.643823509811944,4.620659037105866,0.6864564103003542,0.9662040244334053,0.5677040944270224,0.38955595942949417
3,50-250k,ens_snt_lgbm,3904,1377.8121382034994,3.394097145292638,3.313093359225904,0.4922012544315869,0.9815864363033794,0.7644657963084699,0.6674027000014182
3,<10k,prophet,1949,1636.8847451609854,6.6727376960512395,6.762687373511839,0.7566144701221835,0.87521881523238,0.3462480924763083,-0.32050892526765806
3,<10k,snt,1953,1625.0325980876542,6.820931252276099,6.709283599906993,0.7502914731116082,0.8763316031113899,0.35294310108954075,-0.3023334624405525
3,<10k,lgbm_resid,1953,1370.0721643646084,5.700149991061158,5.656626650984091,0.6325740564712559,0.9141373131524718,0.5507498659198808,0.09579283737857569
3,<10k,ens_snt_lgbm,1953,1303.8807742331662,5.438519381347157,5.3833417896302045,0.602012924548445,0.9188939630864598,0.5756375755767072,0.14588440914632406
3,>1M,prophet,99,1398.236559281304,3.433557500700996,3.561571305409354,0.5552318965823774,0.6557401730743907,0.5219498357492103,0.33900122694793655
3,>1M,snt,99,891.1997439408715,2.3321624536733645,2.2700532426640674,0.35389042059975806,0.9032023860428496,0.8655837491567101,0.81414298429346
3,>1M,lgbm_resid,99,1710.8102386881876,4.380431124731767,4.357755212926402,0.6793531518069021,0.7050810215713674,0.5904661100380196,0.4337385089860669
3,>1M,ens_snt_lgbm,99,1209.1018334473772,3.1228914216247112,3.0798096121427885,0.48012755759389014,0.8420000406676613,0.7805962223795454,0.6966309424087418
6,10-50k,prophet,5860,1925.0296719761457,6.950707165968822,7.035596512174309,0.6524083027981621,0.9160289918868255,0.24667840211933167,-0.3676776572037468
6,10-50k,snt,5875,1684.6514900480686,6.3980967954958805,6.159190958156564,0.5712491567633935,0.9374511877768288,0.4393167299885794,-0.017192149251124
6,10-50k,lgbm_resid,5875,1831.81070733058,6.957851097193777,6.697214238253493,0.6211494354140223,0.9328773260341738,0.3983169465026528,-0.09157399745934836
6,10-50k,ens_snt_lgbm,5875,1372.7013954831757,5.078644861606057,5.018681948910177,0.4654698727244311,0.9570759824531984,0.615232045745342,0.3019535925456065
6,250k-1M,prophet,298,2180.641583249077,5.160275307650034,5.341460093475379,0.4969895198279396,0.8768836225583027,0.3468764967445861,0.15095471003721883
6,250k-1M,snt,318,1517.7718412847648,3.752967096757468,3.7447838380420575,0.3538515899106266,0.9482912997736622,0.7084137374249198,0.6224920119660498
6,250k-1M,lgbm_resid,318,2750.966995076505,6.981368737669635,6.78743435734673,0.6413572966115164,0.8268389090712817,0.023541587657024077,-0.2641914176169611
6,250k-1M,ens_snt_lgbm,318,2056.8016180594827,5.162255687045788,5.074726811935102,0.47952037512108964,0.9057279015577208,0.46839799241573155,0.3117508261683899
6,50-250k,prophet,2562,2244.085442078073,5.201376518806752,5.256166718843344,0.5027955461949771,0.9458893659754022,0.39909225524197034,0.1558641066039529
6,50-250k,snt,2592,1720.9631328561247,4.166696583479893,4.048553272205379,0.38788503214984527,0.9716711808357785,0.6813503514422424,0.5497300931663553
6,50-250k,lgbm_resid,2592,2850.4123005399338,6.969974579834405,6.705574236987548,0.6424497107037558,0.9230952086808024,0.1349556582570155,-0.22235639338225965
6,50-250k,ens_snt_lgbm,2592,2167.1660060907548,5.208757163068541,5.098242291111588,0.48845395923820795,0.9567789532172485,0.5138388477195585,0.31302690043992354
6,<10k,prophet,1292,1944.5627426206436,7.750818896557517,7.9250858821283865,0.7029933092599305,0.8332166824067853,0.21594680838664504,-0.5157281910238452
6,<10k,snt,1293,1838.2151370317354,7.490503894880543,7.486543935963646,0.6629111300284356,0.8495420959680826,0.2919215646819163,-0.38070852461915883
6,<10k,lgbm_resid,1293,1788.9483690934237,7.4904934318053185,7.285893960167736,0.6451441732947576,0.8732604815096578,0.4035439977512152,-0.16305178323247982
6,<10k,ens_snt_lgbm,1293,1473.1655637067902,6.013297084739108,5.999797572904619,0.5312641751676457,0.900399888334345,0.5312662921931797,0.08599867773900793
6,>1M,prophet,66,1960.7618144753276,4.818616267238253,4.894131394923579,0.47728918238585666,0.563917822647509,0.39295010538756436,0.20100046265710914
6,>1M,snt,66,1479.271938478807,3.6895842758725697,3.6923154981350175,0.36008478379706593,0.7964839035506949,0.7166946247344057,0.6271132475717147
6,>1M,lgbm_resid,66,2758.026408853064,7.061059982672278,6.884132246938942,0.6713595501309388,0.21094639883490518,-0.09840514083577356,-0.44572168965311487
6,>1M,ens_snt_lgbm,66,2084.8564466021185,5.286793078020613,5.203876020991653,0.5074963320095444,0.5865532240746125,0.42445980416556894,0.24247355237984614
