h_номинальный,h_с_лагом_1,модель,MAE_без_лага,MAE_лаг_1
1,2,prophet,1586.0794216327492,1705.3020244530348
1,2,snt,967.4399959829872,1154.3333295792802
1,2,lgbm_resid,900.7265677943243,1348.8576690154405
1,2,ens_snt_lgbm,833.3355268253493,1055.609329160961
3,4,prophet,1823.6635245759282,1891.9738869490625
3,4,snt,1404.3387228647916,1495.3135485671296
3,4,lgbm_resid,1632.7589116823658,1817.1036781909968
3,4,ens_snt_lgbm,1307.623064361536,1411.8654431128916
6,7,prophet,2196.2309434588738,2233.869636827973
6,7,snt,1777.8565341018184,1939.5788255692978
6,7,lgbm_resid,2218.0515172423693,2382.7710651991542
6,7,ens_snt_lgbm,1677.6464941644167,1784.2412055714783
