h,модель,n,MAE,MAPE_%,WAPE_%,relative_MAE,R2_уровни,R2_изменения,R2_внутри_МО
1,naive,21549,1819.0092347672746,5.798150933452737,5.8028923604498965,1.0,0.9490340926821291,-0.20174013433317728,-0.04361556442471781
1,snt,21549,967.4399959829872,3.465691255599515,3.0862680928618857,0.5318499639760005,0.9873302334161425,0.7012558434113042,0.740564500852012
1,snt_nat,21549,1152.0775676780324,3.892389876134652,3.675287617206565,0.6333544358423392,0.9814931200420672,0.5636208285664013,0.6210394557958527
1,prophet,21437,1586.0794216327492,5.026673328634867,5.05527863665428,0.8704786923648554,0.9612947177987737,0.08805217293858947,0.20842790736477457
1,prophet_tuned,3547,1496.6117232198644,5.157429239790261,5.05083557839712,0.904538569115241,0.9556933116961669,-0.10019977064824848,0.08883801602820429
1,lgbm_logratio,21549,1168.1676034858895,3.876387057532045,3.726617068472778,0.6421999301368834,0.9818626841268939,0.5723348889317814,0.6286069229768448
1,lgbm_resid,21549,900.7265677943243,3.068358937521397,2.8734429816001805,0.49517426881538834,0.9884222246074684,0.7270042252221114,0.7629249190895364
1,lgbm_resid_nonat,21549,952.6861537971902,3.2160349889819577,3.039201285024487,0.5237390418851159,0.9875413061826639,0.7062327903184118,0.7448865827291018
1,lgbm_resid_nonat_news,21549,973.317062674728,3.2946788572571877,3.1050167527122694,0.5350808803338786,0.986576987317169,0.6834948318684211,0.7251404773410014
1,ens_snt_lgbm,21549,833.3355268253493,2.934712933262671,2.6584561913590288,0.45812605615054336,0.9907190382931113,0.7811614713574072,0.8099561726679456
1,ens_snt_lgbm_news,21549,858.6632751307519,3.01448135947264,2.7392552298353903,0.4720499812309144,0.9901726211644297,0.7682773410008504,0.7987673319277295
1,ens_sntnat_lgbm,21549,991.5471734315073,3.3632684484925326,3.163173340605681,0.5451028804470949,0.9860924404346187,0.6720695582615968,0.7152185374612877
1,ens_snt_lgbm_logratio,21549,944.4947759331106,3.2636235865417453,3.013069650769696,0.5192358333760466,0.988603476405985,0.7312780147445652,0.7666363647983734
1,ens_prophet_lgbm,21437,992.1478662280913,3.2389184174422256,3.1622526868054517,0.5445147105797227,0.9846724713246546,0.6388630782477577,0.6865326059272293
1,ens_snt_prophet,21437,1048.6703417963345,3.4773084504767953,3.342405621982435,0.5755356102590209,0.9845095915717663,0.635025415058881,0.6832015084772393
2,naive,19559,2332.411626361266,7.262243434123776,7.358435441398589,1.0,0.9219151864441566,-0.2834862908360536,-0.9369839540611395
2,snt,19559,1154.3333295792802,4.0673400357174545,3.6417616802979227,0.4949097820182475,0.9822182494414169,0.7077199518100161,0.558903147249485
2,snt_nat,19559,1601.4306659127546,5.200935405865895,5.052291814965313,0.6865986465738487,0.9643001056395804,0.41319799703273974,0.11442290262552746
2,prophet,19456,1705.3020244530348,5.44212028565712,5.375182353794373,0.7301635444413402,0.9580960335142191,0.3112835008054714,-0.03889628196221673
2,prophet_tuned,3221,1709.236570643691,6.023925168109953,5.705770023908201,0.8220387779462194,0.8805173671338362,-1.192855253879869,-1.9592068019772384
2,lgbm_logratio,19559,1356.822911924649,4.41457761774248,4.280588250361235,0.5817253252340338,0.973724346119064,0.5681049873441,0.3482020685950815
2,lgbm_resid,19559,1348.8576690154405,4.309953587445382,4.255459012854429,0.5783103007078377,0.9766989617876136,0.6169989816719366,0.42199084463357317
2,lgbm_resid_nonat,19559,1330.8789580492726,4.255952954524005,4.1987386713551444,0.5706020939903913,0.9769141720008738,0.6205364090638822,0.4273293824471651
2,lgbm_resid_nonat_news,19559,1287.5840969716248,4.131936758782063,4.062149384720005,0.5520398211101146,0.9768776740815281,0.6199364898607622,0.42642400941866176
2,ens_snt_lgbm,19559,1055.609329160961,3.5189976948322967,3.330301140749793,0.4525827762262484,0.9855438747908899,0.7623835201804896,0.6413991236859453
2,ens_snt_lgbm_news,19559,1060.5867788453195,3.5646585331406575,3.346004304698732,0.45471681192908175,0.9849831743538724,0.7531672425023328,0.6274903019819495
2,ens_sntnat_lgbm,19559,1449.8504138181065,4.674836898057646,4.5740771265187945,0.6216100097562882,0.9718026782231933,0.5365183793012216,0.3005328777520535
2,ens_snt_lgbm_logratio,19559,1111.0362743546902,3.765853559599102,3.505165471433258,0.4763465684176805,0.9835484638756717,0.7295847922634984,0.5919006521070664
2,ens_prophet_lgbm,19456,1319.1591518580983,4.181375362926776,4.158044084412735,0.564827759652653,0.9747371645189062,0.5847903415498836,0.3736758580589923
2,ens_snt_prophet,19456,1204.2863836964148,3.9861361717776593,3.795960378711253,0.5156423916896812,0.981101988272778,0.6893999883537051,0.5314745651452508
3,naive,17576,2600.704824761038,8.023823485129626,8.176109458770012,1.0,0.8984484759902338,-0.29273735397229683,-1.400202783125541
3,snt,17576,1404.3387228647916,4.943081146607222,4.414967437293401,0.5399838957094362,0.9750680624510347,0.6826197608481748,0.41072567371826296
3,snt_nat,17576,1922.813500067897,6.210973625169354,6.044951159269035,0.7393432279438218,0.9527212330516355,0.3981476035945669,-0.11744879378959583
3,prophet,17481,1823.6635245759282,5.771600994068777,5.728714301070678,0.700146151894303,0.9539411264689386,0.414099472291098,-0.08803689305909623
3,prophet_tuned,2895,1761.6226718759,6.323977561262911,5.861109326019729,0.7706345524836434,0.7927210816065258,-1.9589835320481352,-3.822346286963957
3,lgbm_logratio,17576,1481.626279251423,4.7833872623952125,4.657944462137433,0.5697018228078076,0.9711034156922291,0.6321503364806945,0.3170199782362353
3,lgbm_resid,17576,1632.7589116823658,5.200913690582846,5.1330760240827535,0.6278140049332164,0.9685921998745135,0.6001828941099148,0.2576665883833146
3,lgbm_resid_nonat,17576,1564.9787862867975,4.979981342774583,4.919988510618305,0.6017517910478724,0.9715519471863843,0.6378600825685196,0.3276211637042864
3,lgbm_resid_nonat_news,17576,1466.5388950850208,4.68303279193082,4.610512664719842,0.5639005553887769,0.9738825106309752,0.667527844327913,0.38270477687999693
3,ens_snt_lgbm,17576,1307.623064361536,4.333398457758333,4.110912243189511,0.5027956467461413,0.979261968950894,0.7360076311366992,0.5098499965808385
3,ens_snt_lgbm_news,17576,1271.0730469948767,4.251887888068132,3.9960061070280544,0.4887417575778395,0.9800294337066149,0.7457773550995037,0.5279892717969813
3,ens_sntnat_lgbm,17576,1750.6221643026374,5.621929793250167,5.503615135409449,0.6731337396059512,0.9627922382681836,0.5263501565590064,0.12058263887808085
3,ens_snt_lgbm_logratio,17576,1324.882887151802,4.475353503036505,4.165173764538884,0.5094322410362495,0.9780570361947526,0.720668997885473,0.4813710251131942
3,ens_prophet_lgbm,17481,1488.620289911294,4.677992686612866,4.676235626120706,0.5715153884297476,0.9692915015078097,0.6093667931416378,0.2745810583617502
3,ens_snt_prophet,17481,1410.7432952635777,4.679527324108927,4.431598911644267,0.5416166283849795,0.9751763904728132,0.68422662547728,0.4135982729525941
4,naive,15601,2593.3714505480416,7.9622320602629655,8.09980015714328,1.0,0.909176843608908,-0.4363454846467172,-1.1459298162481382
4,snt,15601,1495.3135485671296,5.137299527686965,4.670268469679888,0.5765905798998188,0.9725521125853644,0.5659185309378868,0.35147332093970707
4,snt_nat,15601,2039.226606030649,6.649625760121074,6.3690559948469,0.7863226093584518,0.9489265171257039,0.19228565239699358,-0.2067419155489778
4,prophet,15515,1891.9738869490625,5.963548280143472,5.904583810347644,0.7281036145366133,0.9533950859212897,0.263334310483348,-0.10233724991816384
4,prophet_tuned,2569,1937.6745561547737,6.886362333450746,6.405414970525619,0.846873053705982,0.7684936500107225,-3.4551942379137017,-4.292096930789963
4,lgbm_logratio,15601,1622.179054348752,5.2460651062032495,5.066503742281848,0.6255097217199437,0.9666618778889972,0.4727659435822419,0.21230143172232663
4,lgbm_resid,15601,1817.1036781909968,5.8220961083865115,5.675306040346347,0.7006723536680406,0.9626424540354163,0.4091997614280781,0.11733224286924826
4,lgbm_resid_nonat,15601,1761.5711176518087,5.576447795758086,5.501862840573777,0.6792590846481118,0.9639387123695305,0.42969976251946695,0.147959667848379
4,lgbm_resid_nonat_news,15601,1641.3111520657176,5.1885752220829335,5.126258455807984,0.6328870288592362,0.9686802079377445,0.5046853281008954,0.2599896513651898
4,ens_snt_lgbm,15601,1411.8654431128916,4.603865325795523,4.409637476179627,0.544413120154666,0.9765308745828413,0.6288416560157145,0.44548176924087124
4,ens_snt_lgbm_news,15601,1378.1182807949308,4.497720966390697,4.3042359647268835,0.5314002668239837,0.977611017328815,0.6459238431759196,0.47100290962502567
4,ens_sntnat_lgbm,15601,1893.805949599759,6.134624573924386,5.914867970388666,0.7302486302914889,0.9586380938647964,0.3458718076493975,0.02271897212883167
4,ens_snt_lgbm_logratio,15601,1412.9198094527871,4.710810414333942,4.412930547306701,0.5448196821763436,0.9757172475314805,0.6159743478550501,0.4262577451241286
4,ens_prophet_lgbm,15515,1581.0207055244891,4.928215353648295,4.93414276278309,0.6084369865198881,0.9687312186972528,0.5057465764268789,0.2604054085080125
4,ens_snt_prophet,15515,1481.5954501509027,4.868953775631229,4.623850555650548,0.5701743612727337,0.9735513464361439,0.581936454565732,0.3744149815536766
6,naive,11673,3558.705902510066,10.618676089702417,10.981552704567777,1.0,0.8446801921903984,-0.7015590602666602,-2.3171181478566223
6,snt,11673,1777.8565341018184,5.890404086496943,5.486158667011145,0.4995795052487593,0.9639626661072543,0.6052039153420485,0.23036156210975234
6,snt_nat,11673,2506.0187947202135,8.200815782920262,7.733141829294392,0.7041938455640968,0.9317608695862148,0.2524268973946262,-0.45736246446429285
6,prophet,11604,2196.2309434588738,6.7828211355850945,6.772785276235246,0.6161712442558047,0.9416147630769672,0.3603851031592493,-0.24796979746775638
6,prophet_tuned,1918,2051.512312391271,7.10065348939257,6.691962401623733,0.623853401634572,0.8898140607451477,-0.34723211115693586,-1.2738446556609144
6,lgbm_logratio,11673,1759.9159868129234,5.559070098330237,5.430797231984208,0.49453819310317265,0.959860531563218,0.5602642241444246,0.14275351563539163
6,lgbm_resid,11673,2218.0515172423693,7.090612043524757,6.844524471905193,0.6232747459344444,0.946335209480928,0.4120916590562863,-0.1461026963795491
6,lgbm_resid_nonat,11673,2200.9659232206054,6.933648178426796,6.7918012752211085,0.6184736765317402,0.9422180731745516,0.36698762059999823,-0.23403113095385608
6,lgbm_resid_nonat_news,11673,2068.546490887352,6.5393816166594485,6.383177743208841,0.5812636805498149,0.9504092112075754,0.45672314970309813,-0.05909547397539039
6,ens_snt_lgbm,11673,1677.6464941644167,5.269084221421605,5.176927765316451,0.47142038148786625,0.9675446344936781,0.6444450839184328,0.3068605773172679
6,ens_snt_lgbm_news,11673,1670.6215633726501,5.248444525389906,5.15525004036556,0.46944636874722034,0.967584641783589,0.6448833716525257,0.30771500090484216
6,ens_sntnat_lgbm,11673,2315.8271779230404,7.515044342595649,7.146243299030354,0.6507498066332527,0.9423864104978597,0.3688317891042947,-0.23043600166557354
6,ens_snt_lgbm_logratio,11673,1573.9917611645462,5.087381281229959,4.8570671348796655,0.4422932954516868,0.9701905619394645,0.6734317397846638,0.3633688493278091
6,ens_prophet_lgbm,11604,1775.6602687021273,5.479830223107932,5.4758201815158465,0.49817656945432903,0.9630076290547781,0.5947456450812358,0.2092973479371365
6,ens_snt_prophet,11604,1692.1831705473949,5.452053380638536,5.21839167065314,0.4747563605778173,0.9664818133460119,0.632805609280279,0.283557165911538
7,naive,9726,3720.2740078141064,10.926208095377593,11.453868471021377,1.0,0.8287774952910567,-0.9438324472303188,-2.2742985610361868
7,snt,9726,1939.5788255692978,6.483432446081299,5.971517342697548,0.5213537555285939,0.9582212917116656,0.525700147230746,0.20106317412550445
7,snt_nat,9726,2506.894269646125,8.280032819673629,7.718151183212166,0.6738466748364812,0.9352788078969878,0.26524171897194204,-0.23766736464736793
7,prophet,9663,2233.869636827973,6.8020715798103275,6.873147084573068,0.5997744790279984,0.9401355692454112,0.32020326725549675,-0.14499810206069785
7,prophet_tuned,1594,2189.7510932910886,7.541695121410159,7.112948354980139,0.6331327245011966,0.9097132379093333,-0.14647703643959376,-0.6492157333826516
7,lgbm_logratio,9726,1682.3063164217488,5.2880048046006145,5.1794344276229465,0.45219957263583627,0.9614164617223393,0.561973855244319,0.2621646081104759
7,lgbm_resid,9726,2382.7710651991542,7.617513479985921,7.336004369576623,0.6404826795538056,0.9419918788905974,0.3414529929520813,-0.10929289230873529
7,lgbm_resid_nonat,9726,2416.8667231561917,7.543144455671391,7.440977062677337,0.649647503941854,0.937193874343812,0.2869828347456348,-0.20104543038829403
7,lgbm_resid_nonat_news,9726,2194.268746051393,6.930076142273502,6.755649060944517,0.5898137452893324,0.9479462083519634,0.40905052534525277,0.004572118721370644
7,ens_snt_lgbm,9726,1784.2412055714783,5.596437722044527,5.49326851900353,0.47959940634045706,0.9643525351021821,0.5953061249298323,0.31831132117870087
7,ens_snt_lgbm_news,9726,1760.5909160417464,5.514689630829738,5.4204547141584705,0.47324226988221324,0.964801025484105,0.6003976878533765,0.3268878305263766
7,ens_sntnat_lgbm,9726,2395.692130926172,7.814755884066098,7.375785360716476,0.6439558284938778,0.9412991078315796,0.333588192321404,-0.12254079617234037
7,ens_snt_lgbm_logratio,9726,1607.8651412574184,5.233176421083113,4.9502471614781385,0.4321899779102937,0.9692389638537735,0.6507801338784145,0.41175480080270854
7,ens_prophet_lgbm,9663,1881.402254838343,5.791461278453595,5.788679074895884,0.5051400666513766,0.9609255561721914,0.5562861132540422,0.25264195352782803
7,ens_snt_prophet,9663,1819.6728808828038,5.8287518066012405,5.598750773064676,0.4885662691053924,0.9629272141999345,0.5790161479370706,0.2909267014800119
12,naive,1926,4722.839563862928,12.382176528210694,12.699794748160386,1.0,0.8449072253163371,-3.7988666123725423,-inf
12,snt,1926,1433.607126509846,4.256263742646158,3.85499359230477,0.3035477083488441,0.980269426378059,0.38949837482490424,-inf
12,snt_nat,1926,1433.607126509846,4.256263742646158,3.85499359230477,0.3035477083488441,0.980269426378059,0.38949837482490424,-inf
12,prophet,1922,2899.2581341387768,8.920501324846706,7.79424972628904,0.6135443408865197,0.923980271142832,-1.3574271518086545,-inf
12,prophet_tuned,320,7474.171662455352,21.564107115124802,21.158107788317913,1.6449447981354166,0.5526775266266652,-13.070556040674797,-inf
12,ens_snt_prophet,1922,1542.9580911947623,4.509494855735844,4.14802688258823,0.3265225658697071,0.9745474529851911,0.21069798172873722,-inf
