h,модель,ΔMAE_к_Prophet,ДИ95_низ,ДИ95_верх,p_односторонний
1,snt,-620.2220988161314,-651.819514430315,-593.0072171039399,0.0
1,snt_nat,-434.15362201078,-451.491195745601,-418.85059535212207,0.0
1,prophet_tuned,114.4692634964765,59.49265617603239,184.80865381833934,1.0
1,lgbm_resid,-687.5567472117968,-707.4286413950792,-667.1457786597334,0.0
1,lgbm_resid_nonat_news,-614.2938586035843,-633.3528319358946,-595.9505845120364,0.0
1,ens_snt_lgbm,-754.9459623867649,-779.9641480641196,-729.8687790027021,0.0
1,ens_snt_lgbm_logratio,-643.0545875520075,-667.5950311776123,-619.6206865612146,0.0
1,ens_snt_lgbm_news,-729.3308286756808,-755.6734414226909,-707.457578453493,0.0
3,snt,-420.99116491263777,-455.23784622622975,-388.70082796910265,0.0
3,snt_nat,100.30124880063794,79.4276505075692,121.36753250732241,1.0
3,prophet_tuned,183.78218601570623,14.15373339193187,426.9239437286468,0.991
3,lgbm_resid,-193.75406946734853,-219.86405752659377,-168.54796417815277,0.0
3,lgbm_resid_nonat_news,-360.58425849192514,-386.5735379862585,-331.46805046143237,0.0
3,ens_snt_lgbm,-519.2098120388508,-545.4384370046382,-493.69009077277536,0.0
3,ens_snt_lgbm_logratio,-501.1615670967608,-529.2990205442636,-475.38198055166,0.0
3,ens_snt_lgbm_news,-555.7524987789493,-583.886048695787,-528.0345880318777,0.0
6,snt,-420.7791859504116,-453.00850940549964,-389.0486554600843,0.0
6,snt_nat,311.71289162615955,274.1658463123528,350.8824487222414,1.0
6,prophet_tuned,87.01028294152938,-66.31112451610615,318.30221406928774,0.781
6,lgbm_resid,14.897812948089962,-25.92828419935029,59.138916299133555,0.764
6,lgbm_resid_nonat_news,-134.21720039988145,-173.8982766232037,-92.20710271007871,0.0
6,ens_snt_lgbm,-524.6679389462673,-559.6122155408275,-490.6227220962881,0.0
6,ens_snt_lgbm_logratio,-625.4442282436687,-652.1906511314066,-599.9199494241255,0.0
6,ens_snt_lgbm_news,-531.1814302669592,-564.0379990707598,-495.5611952058189,0.0
12,snt,-1467.4379819322423,-1576.8792452598236,-1357.3062394433796,0.0
12,snt_nat,-1467.4379819322423,-1572.0316657076905,-1366.1725153471177,0.0
12,prophet_tuned,4679.718663651943,4182.333454962944,5122.098476813352,1.0
