gdelt_adm1,full_name,n_events
RS00,,13100
RS01,"Adygea, Adygeya, Russia",608
RS03,,397
RS04,,1795
RS05,,12816
RS06,,6270
RS07,"Astrakhan Oblast, Astrakhanskaya Oblast', Russia",18679
RS08,,10669
RS09,,50532
RS10,"Bryanskaya Oblast, Bryanskaya Oblast', Russia",19599
RS11,"Buryatia, Buryatiya, Russia",3289
RS12,"Chechnya, Checheno-Ingushskaya Avtonomnaya Sovetskaya Sotsialistichesk, Russia",599
RS13,,4811
RS15,"Chukotka, Chukotskiy Avtonomnyy Okrug, Russia",1825
RS16,"Chuvashia, Chuvashiya, Russia",1082
RS17,"Dagestan, Dagestan, Russia",39857
RS18,,54
RS20,,4970
RS21,"Ivanovo Oblast, Ivanovskaya Oblast', Russia",2146
RS22,"Kabardino-Balkaria, Kabardino-Balkariya, Russia",773
RS23,"Kaliningrad Oblast, Kaliningradskaya Oblast', Russia",23081
RS24,"Kalmykia, Kalmykiya, Russia",759
RS25,"Kaluga Oblast, Kaluzhskaya Oblast', Russia",3045
RS27,"Karachay-Cherkessia, Karachayevo-Cherkesiya, Russia",655
RS28,"Karelia, Kareliya, Russia",3146
RS29,,1473
RS30,,9039
RS31,"Khakassia, Khakasiya, Russia",733
RS32,,1204
RS33,,7890
RS34,"Komi, Komi, Russia",2052
RS36,,3
RS37,,3121
RS38,,47469
RS39,,9770
RS40,,2535
RS41,"Kursk Oblast, Kurskaya Oblast', Russia",66937
RS42,"Leningrad Oblast, Leningradskaya Oblast', Russia",4693
RS43,,3471
RS44,,13168
RS45,"Mariy El, Mariy-El, Russia",881
RS46,"Mordovia, Mordoviya, Russia",21817
RS47,"Moscow Oblast, Moskovskaya Oblast', Russia",6392
RS48,,2183020
RS49,,3976
RS50,"Nenetsia, Nenetskiy Avtonomnyy Okrug, Russia",417
RS51,,74156
RS52,,4975
RS53,,22131
RS54,"Omsk Oblast, Omskaya Oblast', Russia",6556
RS55,,17396
RS56,"Orel Oblast, Orlovskaya Oblast', Russia",1754
RS57,"Penza Oblast, Penzenskaya Oblast', Russia",1403
RS59,"Maritime Territory, Primorskiy Kray, Russia",10243
RS60,,6164
RS61,"Rostov Oblast, Rostovskaya Oblast', Russia",39762
RS62,"Ryazan Oblast, Ryazanskaya Oblast', Russia",4474
RS63,"Yakutia, Sakha (Yakutiya), Russia",5250
RS64,,3680
RS65,"Samarskaya Oblast, Samarskaya Oblast', Russia",8419
RS66,,131001
RS67,,9193
RS68,"North Ossetia, Severnaya Osetiya-Alaniya, Russia",4305
RS69,,6504
RS70,,6258
RS71,"Sverdlovsk Oblast, Sverdlovskaya Oblast', Russia",21019
RS72,"Tambov Oblast, Tambovskaya Oblast', Russia",2944
RS73,,24572
RS74,,727
RS75,,1043
RS76,"Tula Oblast, Tul'skaya Oblast', Russia",19177
RS77,"Tverskaya Oblast, Tverskaya Oblast', Russia",14219
RS78,"Tyumen Oblast, Tyumenskaya Oblast', Russia",2397
RS79,"Tuva, Tyva, Russia",1114
RS80,"Udmurtiya, Udmurtiya, Russia",1130
RS81,,328
RS83,"Vladimirskaya Oblast, Vladimirskaya Oblast', Russia",1225
RS84,"Volgogradskaya Oblast, Volgogradskaya Oblast', Russia",13049
RS85,"Vologda Oblast, Vologodskaya Oblast', Russia",8870
RS86,"Voronezhoblast, Voronezhskaya Oblast', Russia",5848
RS87,"Yamalia, Yamalo-Nenetskiy Avtonomnyy Okrug, Russia",5382
RS88,"Yaroslavskaya Oblast, Yaroslavskaya Oblast', Russia",2510
RS89,"Jewish Autonomous Oblast, Yevreyskaya Avtonomnaya Oblast', Russia",464
RS90,,7451
RS91,,2470
RS92,,1423
RS93,,2940
RSCI,"Ingushetia, Chechnya and Ingushetiya, Russia",2858
RSJA,,1342
