h,часть,кандидат,MAE
1,выбор,prophet,1189.0857350857382
1,выбор,seasonal_naive_trend,1025.4356344304933
1,выбор,lgbm_pooled,796.4679807944074
1,выбор,prophet+lgbm,887.5161666535647
1,выбор,snt+lgbm,735.6963801802972
1,выбор,snt+prophet,886.310396963758
1,выбор,snt+lgbm+prophet,778.0097488546539
1,проверка,prophet,1810.2610970076782
1,проверка,seasonal_naive_trend,873.3658884188185
1,проверка,lgbm_pooled,1598.0428947941061
1,проверка,prophet+lgbm,1607.2941443380819
1,проверка,snt+lgbm,1048.5412994873534
1,проверка,snt+prophet,1125.0166029135994
1,проверка,snt+lgbm+prophet,1213.0965776058483
3,выбор,prophet,1351.067268950806
3,выбор,seasonal_naive_trend,1729.6831181094649
3,выбор,lgbm_pooled,1270.9230420202016
3,выбор,prophet+lgbm,1182.6035562916497
3,выбор,snt+lgbm,1345.6011471276274
3,выбор,snt+prophet,1352.5575656133394
3,выбор,snt+lgbm+prophet,1236.5336854130196
3,проверка,prophet,2092.785891350034
3,проверка,seasonal_naive_trend,1110.8818024320879
3,проверка,lgbm_pooled,2105.3387339692945
3,проверка,prophet+lgbm,2058.7044168477623
3,проверка,snt+lgbm,1363.154137023685
3,проверка,snt+prophet,1385.597574894439
3,проверка,snt+lgbm+prophet,1566.077342672801
6,выбор,prophet,1974.241400677256
6,выбор,seasonal_naive_trend,1962.259962223316
6,выбор,lgbm_pooled,2163.856918925034
6,выбор,prophet+lgbm,1939.3454847050743
6,выбор,snt+lgbm,1793.1646114597272
6,выбор,snt+prophet,1843.4579061181378
6,выбор,snt+lgbm+prophet,1787.7483354343237
6,проверка,prophet,2301.7908682772704
6,проверка,seasonal_naive_trend,1539.7498690221128
6,проверка,lgbm_pooled,2370.281886324785
6,проверка,prophet+lgbm,2259.296813457436
6,проверка,snt+lgbm,1448.515117987888
6,проверка,snt+prophet,1481.711492634962
6,проверка,snt+lgbm+prophet,1667.8585355727935
