набор МО,h,модель,n,MAE,R2,MAPE_%
выборка Prophet,1,naive,4131,1747.3957879448076,0.9416936074218505,5.826258186362378
выборка Prophet,1,seasonal_naive,4137,3993.2978003384096,0.8067082182975444,13.03492543041285
выборка Prophet,1,seasonal_naive_trend,4131,945.6713753625759,0.9848945513332195,3.5166862953880385
выборка Prophet,1,prophet,4108,1529.8035408014566,0.9555832569621202,5.052290361804536
выборка Prophet,1,lgbm_by_h,4131,1714.7477335489086,0.9524933325314618,5.754981495307177
выборка Prophet,1,lgbm_by_h_noreg,4131,1490.715309605712,0.9642628889150545,5.016597755352288
выборка Prophet,1,lgbm_pooled,4131,1237.207479187777,0.9658736083843732,4.05691442658359
выборка Prophet,1,ensemble,4100,1281.8140539412295,0.9644909516163922,4.194128688690509
выборка Prophet,3,naive,3362,2478.0746579417014,0.8856972640728461,8.009320063921566
выборка Prophet,3,seasonal_naive,3377,4170.5954989635775,0.8042028145261458,13.618237985243473
выборка Prophet,3,seasonal_naive_trend,3362,1387.6926720341046,0.9694547794186718,5.035930255160899
выборка Prophet,3,prophet,3357,1768.966955845503,0.9464817542387683,5.816162786066932
выборка Prophet,3,lgbm_by_h,3362,1469.3769376562045,0.9636854491917405,5.0055447019363015
выборка Prophet,3,lgbm_by_h_noreg,3362,1418.7533256322913,0.9664430463447713,4.799075315619461
выборка Prophet,3,lgbm_pooled,3362,1739.6457538342952,0.9403972671630113,5.659887857708988
выборка Prophet,3,ensemble,3340,1671.2789764162117,0.9477719879652011,5.453398887031298
выборка Prophet,6,naive,2223,3388.749437696806,0.8257337068875915,10.573142055436486
выборка Prophet,6,seasonal_naive,2240,4065.630357142857,0.8236676726677746,13.02530185692967
выборка Prophet,6,seasonal_naive_trend,2223,1750.6817736633654,0.9556946477536643,5.974278629146778
выборка Prophet,6,prophet,2232,2144.857635904557,0.9293083908279971,6.8751626640238275
выборка Prophet,6,lgbm_by_h,2223,3534.835062331855,0.8196899283339116,11.27221655003682
выборка Prophet,6,lgbm_by_h_noreg,2223,3575.4288525674797,0.8205121356229532,11.42698224542543
выборка Prophet,6,lgbm_pooled,2223,2270.2819402270184,0.9232866891569638,7.263295737391015
выборка Prophet,6,ensemble,2213,2099.9717505179415,0.9331440550459984,6.725397086775657
выборка Prophet,12,naive,369,4445.154471544715,0.8231295155711347,12.08738967205571
выборка Prophet,12,seasonal_naive,369,4445.154471544715,0.8231295155711347,12.08738967205571
выборка Prophet,12,seasonal_naive_trend,369,4445.154471544715,0.8231295155711347,12.08738967205571
выборка Prophet,12,prophet,373,2996.6123787234214,0.8894303655737247,9.303980982740253
все МО,1,naive,20622,1801.6298613131607,0.9457091291486261,5.832665998340482
все МО,1,seasonal_naive,20664,4138.191879597367,0.8230009902533688,13.160582230115697
все МО,1,seasonal_naive_trend,20622,979.5819121880596,0.9856637228620798,3.5448309183028277
все МО,1,prophet,4108,1529.8035408014566,0.9555832569621202,5.052290361804536
все МО,1,lgbm_by_h,20622,1778.0618325558046,0.9552936582031006,5.786880182576424
все МО,1,lgbm_by_h_noreg,20622,1540.783408259167,0.9665394148501176,5.027197099330667
все МО,1,lgbm_pooled,20622,1284.3759524296604,0.967584715064297,4.062360268470129
все МО,1,ensemble,4100,1281.8140539412295,0.9644909516163922,4.194128688690509
все МО,3,naive,16820,2573.588822829964,0.8921404359653962,8.064330885368086
все МО,3,seasonal_naive,16878,4313.003910415926,0.8212871859454183,13.731348889527482
все МО,3,seasonal_naive_trend,16820,1414.537089314991,0.9721516646260883,5.032957764230389
все МО,3,prophet,3357,1768.966955845503,0.9464817542387683,5.816162786066932
все МО,3,lgbm_by_h,16820,1532.319969915396,0.9636343711568391,5.0329362551504655
все МО,3,lgbm_by_h_noreg,16820,1480.6761964181505,0.9660161855444862,4.828647658528266
все МО,3,lgbm_pooled,16820,1807.9839455601552,0.9419132756648124,5.667013859152318
все МО,3,ensemble,3340,1671.2789764162117,0.9477719879652011,5.453398887031298
все МО,6,naive,11171,3500.109748455823,0.835991446077135,10.62850623210873
все МО,6,seasonal_naive,11213,4199.669134040845,0.8394427312067108,13.120784826835616
все МО,6,seasonal_naive_trend,11171,1786.9042770860742,0.9598027562380171,5.987918234106793
все МО,6,prophet,2232,2144.857635904557,0.9293083908279971,6.8751626640238275
все МО,6,lgbm_by_h,11171,3640.3397644654874,0.8282643426177831,11.262098037858454
все МО,6,lgbm_by_h_noreg,11171,3679.399034063396,0.8283620613412723,11.417152014343058
все МО,6,lgbm_pooled,11171,2342.4263277375003,0.9251391151865191,7.2630755551696975
все МО,6,ensemble,2213,2099.9717505179415,0.9331440550459984,6.725397086775657
все МО,12,naive,1843,4598.417797069995,0.8399957864895419,12.308341198116372
все МО,12,seasonal_naive,1843,4598.417797069995,0.8399957864895419,12.308341198116372
все МО,12,seasonal_naive_trend,1843,4598.417797069995,0.8399957864895419,12.308341198116372
все МО,12,prophet,373,2996.6123787234214,0.8894303655737247,9.303980982740253
